<?xml version="1.0" encoding="UTF-8"?>
<!DOCTYPE mapper PUBLIC "-//mybatis.org//DTD Mapper 3.0//EN" "http://mybatis.org/dtd/mybatis-3-mapper.dtd">
<mapper namespace="com.oracle.ecommerce.mapper.ReviewMapper">

    <select id="selectById" parameterType="Long" resultType="Map">
        SELECT r.*, p.PRODUCT_NAME, u.USERNAME, u.FIRST_NAME, u.LAST_NAME
        FROM REVIEWS r
        LEFT JOIN PRODUCTS p ON r.PRODUCT_ID = p.PRODUCT_ID
        LEFT JOIN USERS u ON r.USER_ID = u.USER_ID
        WHERE r.REVIEW_ID = #{reviewId}
    </select>

    <select id="selectByProductId" parameterType="Long" resultType="Map">
        SELECT r.*, u.USERNAME, u.FIRST_NAME, u.LAST_NAME,
               rh.HELPFUL_COUNT, rh.NOT_HELPFUL_COUNT
        FROM REVIEWS r
        LEFT JOIN USERS u ON r.USER_ID = u.USER_ID
        LEFT JOIN (
            SELECT REVIEW_ID, 
                   COUNT(CASE WHEN IS_HELPFUL = 'Y' THEN 1 END) as HELPFUL_COUNT,
                   COUNT(CASE WHEN IS_HELPFUL = 'N' THEN 1 END) as NOT_HELPFUL_COUNT
            FROM REVIEW_HELPFULNESS
            GROUP BY REVIEW_ID
        ) rh ON r.REVIEW_ID = rh.REVIEW_ID
        WHERE r.PRODUCT_ID = #{productId} AND r.STATUS = 'APPROVED'
        ORDER BY r.CREATED_AT DESC
    </select>

    <select id="selectByUserId" parameterType="Long" resultType="Map">
        SELECT r.*, p.PRODUCT_NAME, p.SKU, p.IMAGE_URL
        FROM REVIEWS r
        INNER JOIN PRODUCTS p ON r.PRODUCT_ID = p.PRODUCT_ID
        WHERE r.USER_ID = #{userId}
        ORDER BY r.CREATED_AT DESC
    </select>

    <select id="selectByRating" parameterType="Integer" resultType="Map">
        SELECT r.*, p.PRODUCT_NAME, u.USERNAME
        FROM REVIEWS r
        INNER JOIN PRODUCTS p ON r.PRODUCT_ID = p.PRODUCT_ID
        INNER JOIN USERS u ON r.USER_ID = u.USER_ID
        WHERE r.RATING = #{rating} AND r.STATUS = 'APPROVED'
        ORDER BY r.CREATED_AT DESC
    </select>

    <select id="selectPendingReviews" resultType="Map">
        SELECT r.*, p.PRODUCT_NAME, u.USERNAME, u.EMAIL,
               CASE 
                   WHEN LENGTH(r.REVIEW_COMMENT) > 500 THEN 'LONG'
                   WHEN r.RATING &lt;= 2 THEN 'NEGATIVE'
                   WHEN UPPER(r.REVIEW_COMMENT) LIKE '%SPAM%' OR UPPER(r.REVIEW_COMMENT) LIKE '%FAKE%' THEN 'SUSPICIOUS'
                   ELSE 'NORMAL'
               END as REVIEW_CATEGORY
        FROM REVIEWS r
        INNER JOIN PRODUCTS p ON r.PRODUCT_ID = p.PRODUCT_ID
        INNER JOIN USERS u ON r.USER_ID = u.USER_ID
        WHERE r.STATUS = 'PENDING'
        ORDER BY r.CREATED_AT ASC
    </select>

    <select id="selectRecentReviews" parameterType="Integer" resultType="Map">
        SELECT r.*, p.PRODUCT_NAME, u.USERNAME,
               ROUND(SYSDATE - r.CREATED_AT, 1) as DAYS_AGO
        FROM REVIEWS r
        INNER JOIN PRODUCTS p ON r.PRODUCT_ID = p.PRODUCT_ID
        INNER JOIN USERS u ON r.USER_ID = u.USER_ID
        WHERE r.CREATED_AT >= SYSDATE - #{days}
        AND r.STATUS = 'APPROVED'
        ORDER BY r.CREATED_AT DESC
    </select>

    <select id="selectTopReviewedProducts" parameterType="Integer" resultType="Map">
        SELECT 
            p.PRODUCT_ID,
            p.PRODUCT_NAME,
            p.SKU,
            COUNT(r.REVIEW_ID) as REVIEW_COUNT,
            ROUND(AVG(r.RATING), 2) as AVG_RATING,
            COUNT(CASE WHEN r.RATING = 5 THEN 1 END) as FIVE_STAR_COUNT,
            COUNT(CASE WHEN r.RATING = 4 THEN 1 END) as FOUR_STAR_COUNT,
            COUNT(CASE WHEN r.RATING = 3 THEN 1 END) as THREE_STAR_COUNT,
            COUNT(CASE WHEN r.RATING = 2 THEN 1 END) as TWO_STAR_COUNT,
            COUNT(CASE WHEN r.RATING = 1 THEN 1 END) as ONE_STAR_COUNT
        FROM PRODUCTS p
        INNER JOIN REVIEWS r ON p.PRODUCT_ID = r.PRODUCT_ID
        WHERE r.STATUS = 'APPROVED'
        AND p.STATUS = 'ACTIVE'
        GROUP BY p.PRODUCT_ID, p.PRODUCT_NAME, p.SKU
        HAVING COUNT(r.REVIEW_ID) > 0
        ORDER BY COUNT(r.REVIEW_ID) DESC, AVG(r.RATING) DESC
        FETCH FIRST #{limit} ROWS ONLY
    </select>

    <select id="getProductRatingSummary" parameterType="Long" resultType="Map">
        SELECT 
            p.PRODUCT_ID,
            p.PRODUCT_NAME,
            COUNT(r.REVIEW_ID) as TOTAL_REVIEWS,
            ROUND(AVG(r.RATING), 2) as AVERAGE_RATING,
            COUNT(CASE WHEN r.RATING = 5 THEN 1 END) as FIVE_STARS,
            COUNT(CASE WHEN r.RATING = 4 THEN 1 END) as FOUR_STARS,
            COUNT(CASE WHEN r.RATING = 3 THEN 1 END) as THREE_STARS,
            COUNT(CASE WHEN r.RATING = 2 THEN 1 END) as TWO_STARS,
            COUNT(CASE WHEN r.RATING = 1 THEN 1 END) as ONE_STAR,
            ROUND(COUNT(CASE WHEN r.RATING = 5 THEN 1 END) * 100.0 / NULLIF(COUNT(r.REVIEW_ID), 0), 1) as FIVE_STAR_PERCENTAGE,
            ROUND(COUNT(CASE WHEN r.RATING >= 4 THEN 1 END) * 100.0 / NULLIF(COUNT(r.REVIEW_ID), 0), 1) as POSITIVE_PERCENTAGE,
            MAX(r.CREATED_AT) as LATEST_REVIEW_DATE,
            MIN(r.CREATED_AT) as FIRST_REVIEW_DATE
        FROM PRODUCTS p
        LEFT JOIN REVIEWS r ON p.PRODUCT_ID = r.PRODUCT_ID AND r.STATUS = 'APPROVED'
        WHERE p.PRODUCT_ID = #{productId}
        GROUP BY p.PRODUCT_ID, p.PRODUCT_NAME
    </select>

    <select id="getReviewAnalytics" resultType="Map">
        SELECT 
            COUNT(*) as TOTAL_REVIEWS,
            COUNT(CASE WHEN STATUS = 'APPROVED' THEN 1 END) as APPROVED_REVIEWS,
            COUNT(CASE WHEN STATUS = 'PENDING' THEN 1 END) as PENDING_REVIEWS,
            COUNT(CASE WHEN STATUS = 'REJECTED' THEN 1 END) as REJECTED_REVIEWS,
            ROUND(AVG(RATING), 2) as OVERALL_AVG_RATING,
            COUNT(CASE WHEN RATING = 5 THEN 1 END) as FIVE_STAR_REVIEWS,
            COUNT(CASE WHEN RATING = 4 THEN 1 END) as FOUR_STAR_REVIEWS,
            COUNT(CASE WHEN RATING = 3 THEN 1 END) as THREE_STAR_REVIEWS,
            COUNT(CASE WHEN RATING = 2 THEN 1 END) as TWO_STAR_REVIEWS,
            COUNT(CASE WHEN RATING = 1 THEN 1 END) as ONE_STAR_REVIEWS,
            COUNT(DISTINCT USER_ID) as UNIQUE_REVIEWERS,
            COUNT(DISTINCT PRODUCT_ID) as REVIEWED_PRODUCTS,
            ROUND(AVG(LENGTH(REVIEW_COMMENT)), 0) as AVG_COMMENT_LENGTH,
            COUNT(CASE WHEN LENGTH(REVIEW_COMMENT) > 100 THEN 1 END) as DETAILED_REVIEWS
        FROM REVIEWS 
        WHERE CREATED_AT BETWEEN TO_DATE(#{startDate}, 'YYYY-MM-DD') 
        AND TO_DATE(#{endDate}, 'YYYY-MM-DD') + 1
    </select>

    <insert id="insertReview">
        <selectKey keyProperty="reviewId" resultType="Long" order="BEFORE">
            SELECT REVIEW_SEQ.NEXTVAL FROM DUAL
        </selectKey>
        INSERT INTO REVIEWS (
            REVIEW_ID, PRODUCT_ID, USER_ID, RATING, REVIEW_COMMENT, STATUS, CREATED_AT, CREATED_BY
        ) VALUES (
            REVIEW_SEQ.CURRVAL, #{productId}, #{userId}, #{rating}, #{reviewComment,jdbcType=CLOB}, 'PENDING', SYSDATE, #{createdBy,jdbcType=NUMERIC}
        )
    </insert>

    <update id="updateReviewStatus">
        UPDATE REVIEWS SET 
            STATUS = #{status},
            UPDATED_AT = SYSDATE,
            MODERATED_AT = CASE WHEN #{status} IN ('APPROVED', 'REJECTED') THEN SYSDATE ELSE MODERATED_AT END
        WHERE REVIEW_ID = #{reviewId}
    </update>

    <delete id="deleteReview" parameterType="Long">
        UPDATE REVIEWS SET 
            STATUS = 'DELETED',
            UPDATED_AT = SYSDATE
        WHERE REVIEW_ID = #{reviewId}
    </delete>

    <select id="getAverageRatingByProduct" parameterType="Long" resultType="Double">
        SELECT NVL(AVG(RATING), 0) 
        FROM REVIEWS 
        WHERE PRODUCT_ID = #{productId} AND STATUS = 'APPROVED'
    </select>

    <select id="getReviewCountByProduct" parameterType="Long" resultType="int">
        SELECT COUNT(*) 
        FROM REVIEWS 
        WHERE PRODUCT_ID = #{productId} AND STATUS = 'APPROVED'
    </select>

    <select id="callReviewModerationProcedure" statementType="CALLABLE">
        {CALL REVIEW_MODERATION_PROC(#{reviewId, mode=IN, jdbcType=NUMERIC})}
    </select>

</mapper>