<?xml version="1.0" encoding="UTF-8"?>
<!DOCTYPE mapper PUBLIC "-//mybatis.org//DTD Mapper 3.0//EN" "http://mybatis.org/dtd/mybatis-3-mapper.dtd">
<mapper namespace="com.oracle.ecommerce.mapper.InventoryMapper">

    <select id="selectInventoryById" parameterType="Long" resultType="Map">
        SELECT i.*, p.PRODUCT_NAME, p.SKU, w.WAREHOUSE_NAME, w.LOCATION
        FROM INVENTORY i
        LEFT JOIN PRODUCTS p ON i.PRODUCT_ID = p.PRODUCT_ID
        LEFT JOIN WAREHOUSES w ON i.WAREHOUSE_ID = w.WAREHOUSE_ID
        WHERE i.INVENTORY_ID = #{inventoryId}
    </select>

    <select id="selectInventoryByProductId" parameterType="Long" resultType="Map">
        SELECT i.*, p.PRODUCT_NAME, p.SKU, w.WAREHOUSE_NAME, w.LOCATION,
               p.MIN_STOCK_LEVEL, p.MAX_STOCK_LEVEL
        FROM INVENTORY i
        INNER JOIN PRODUCTS p ON i.PRODUCT_ID = p.PRODUCT_ID
        INNER JOIN WAREHOUSES w ON i.WAREHOUSE_ID = w.WAREHOUSE_ID
        WHERE i.PRODUCT_ID = #{productId}
        ORDER BY w.WAREHOUSE_NAME
    </select>

    <select id="selectInventoryByWarehouse" parameterType="Long" resultType="Map">
        SELECT i.*, p.PRODUCT_NAME, p.SKU, c.CATEGORY_NAME,
               p.MIN_STOCK_LEVEL, p.MAX_STOCK_LEVEL, p.PRICE, p.COST_PRICE,
               i.QUANTITY * p.COST_PRICE as INVENTORY_VALUE
        FROM INVENTORY i
        INNER JOIN PRODUCTS p ON i.PRODUCT_ID = p.PRODUCT_ID
        LEFT JOIN CATEGORIES c ON p.CATEGORY_ID = c.CATEGORY_ID
        WHERE i.WAREHOUSE_ID = #{warehouseId}
        AND i.QUANTITY > 0
        ORDER BY c.CATEGORY_NAME, p.PRODUCT_NAME
    </select>

    <select id="selectLowStockItems" parameterType="Integer" resultType="Map">
        SELECT i.*, p.PRODUCT_NAME, p.SKU, w.WAREHOUSE_NAME,
               p.MIN_STOCK_LEVEL, p.MAX_STOCK_LEVEL,
               CASE 
                   WHEN p.MIN_STOCK_LEVEL > 0 THEN ROUND(i.QUANTITY * 100.0 / p.MIN_STOCK_LEVEL, 1)
                   ELSE 0
               END as STOCK_PERCENTAGE,
               recent_sales.AVG_DAILY_SALES,
               CASE 
                   WHEN recent_sales.AVG_DAILY_SALES > 0 THEN ROUND(i.QUANTITY / recent_sales.AVG_DAILY_SALES, 1)
                   ELSE NULL
               END as DAYS_OF_STOCK
        FROM INVENTORY i
        INNER JOIN PRODUCTS p ON i.PRODUCT_ID = p.PRODUCT_ID
        INNER JOIN WAREHOUSES w ON i.WAREHOUSE_ID = w.WAREHOUSE_ID
        LEFT JOIN (
            SELECT 
                im.PRODUCT_ID,
                im.WAREHOUSE_ID,
                AVG(ABS(im.QUANTITY)) as AVG_DAILY_SALES
            FROM INVENTORY_MOVEMENTS im
            WHERE im.MOVEMENT_TYPE = 'SALE'
            AND im.CREATED_AT >= SYSDATE - 30
            GROUP BY im.PRODUCT_ID, im.WAREHOUSE_ID
        ) recent_sales ON i.PRODUCT_ID = recent_sales.PRODUCT_ID AND i.WAREHOUSE_ID = recent_sales.WAREHOUSE_ID
        WHERE i.QUANTITY &lt;= GREATEST(p.MIN_STOCK_LEVEL, #{threshold})
        AND p.STATUS = 'ACTIVE'
        ORDER BY STOCK_PERCENTAGE ASC, DAYS_OF_STOCK ASC
    </select>

    <select id="selectOutOfStockItems" resultType="Map">
        SELECT i.*, p.PRODUCT_NAME, p.SKU, w.WAREHOUSE_NAME, c.CATEGORY_NAME,
               last_sale.LAST_SALE_DATE,
               pending_orders.PENDING_QUANTITY
        FROM INVENTORY i
        INNER JOIN PRODUCTS p ON i.PRODUCT_ID = p.PRODUCT_ID
        INNER JOIN WAREHOUSES w ON i.WAREHOUSE_ID = w.WAREHOUSE_ID
        LEFT JOIN CATEGORIES c ON p.CATEGORY_ID = c.CATEGORY_ID
        LEFT JOIN (
            SELECT PRODUCT_ID, WAREHOUSE_ID, MAX(CREATED_AT) as LAST_SALE_DATE
            FROM INVENTORY_MOVEMENTS
            WHERE MOVEMENT_TYPE = 'SALE'
            GROUP BY PRODUCT_ID, WAREHOUSE_ID
        ) last_sale ON i.PRODUCT_ID = last_sale.PRODUCT_ID AND i.WAREHOUSE_ID = last_sale.WAREHOUSE_ID
        LEFT JOIN (
            SELECT oi.PRODUCT_ID, SUM(oi.QUANTITY) as PENDING_QUANTITY
            FROM ORDER_ITEMS oi
            INNER JOIN ORDERS o ON oi.ORDER_ID = o.ORDER_ID
            WHERE o.ORDER_STATUS IN ('PENDING', 'PROCESSING', 'CONFIRMED')
            GROUP BY oi.PRODUCT_ID
        ) pending_orders ON i.PRODUCT_ID = pending_orders.PRODUCT_ID
        WHERE i.QUANTITY = 0
        AND p.STATUS = 'ACTIVE'
        ORDER BY last_sale.LAST_SALE_DATE DESC NULLS LAST, pending_orders.PENDING_QUANTITY DESC NULLS LAST
    </select>

    <select id="selectOverstockItems" resultType="Map">
        SELECT i.*, p.PRODUCT_NAME, p.SKU, w.WAREHOUSE_NAME,
               p.MIN_STOCK_LEVEL, p.MAX_STOCK_LEVEL,
               i.QUANTITY - p.MAX_STOCK_LEVEL as EXCESS_QUANTITY,
               (i.QUANTITY - p.MAX_STOCK_LEVEL) * p.COST_PRICE as EXCESS_VALUE,
               recent_sales.AVG_DAILY_SALES,
               CASE 
                   WHEN recent_sales.AVG_DAILY_SALES > 0 THEN ROUND(i.QUANTITY / recent_sales.AVG_DAILY_SALES, 1)
                   ELSE NULL
               END as DAYS_OF_STOCK
        FROM INVENTORY i
        INNER JOIN PRODUCTS p ON i.PRODUCT_ID = p.PRODUCT_ID
        INNER JOIN WAREHOUSES w ON i.WAREHOUSE_ID = w.WAREHOUSE_ID
        LEFT JOIN (
            SELECT 
                im.PRODUCT_ID,
                im.WAREHOUSE_ID,
                AVG(ABS(im.QUANTITY)) as AVG_DAILY_SALES
            FROM INVENTORY_MOVEMENTS im
            WHERE im.MOVEMENT_TYPE = 'SALE'
            AND im.CREATED_AT >= SYSDATE - 30
            GROUP BY im.PRODUCT_ID, im.WAREHOUSE_ID
        ) recent_sales ON i.PRODUCT_ID = recent_sales.PRODUCT_ID AND i.WAREHOUSE_ID = recent_sales.WAREHOUSE_ID
        WHERE i.QUANTITY > p.MAX_STOCK_LEVEL
        AND p.STATUS = 'ACTIVE'
        ORDER BY EXCESS_VALUE DESC, DAYS_OF_STOCK DESC
    </select>

    <select id="selectInventoryMovements" resultType="Map">
        SELECT im.*, p.PRODUCT_NAME, p.SKU, w.WAREHOUSE_NAME,
               u.USERNAME as CREATED_BY_USER,
               CASE 
                   WHEN im.MOVEMENT_TYPE IN ('PURCHASE', 'ADJUSTMENT_IN', 'TRANSFER_IN') THEN 'IN'
                   WHEN im.MOVEMENT_TYPE IN ('SALE', 'ADJUSTMENT_OUT', 'TRANSFER_OUT') THEN 'OUT'
                   ELSE 'OTHER'
               END as MOVEMENT_DIRECTION
        FROM INVENTORY_MOVEMENTS im
        INNER JOIN PRODUCTS p ON im.PRODUCT_ID = p.PRODUCT_ID
        INNER JOIN WAREHOUSES w ON im.WAREHOUSE_ID = w.WAREHOUSE_ID
        LEFT JOIN USERS u ON im.CREATED_BY = u.USER_ID
        WHERE im.PRODUCT_ID = #{productId}
        AND im.CREATED_AT >= SYSDATE - #{days}
        ORDER BY im.CREATED_AT DESC
    </select>

    <select id="getInventoryTurnoverReport" resultType="Map">
        SELECT 
            p.PRODUCT_ID,
            p.PRODUCT_NAME,
            p.SKU,
            c.CATEGORY_NAME,
            AVG(i.QUANTITY) as AVG_INVENTORY,
            NVL(SUM(ABS(sales.QUANTITY_SOLD)), 0) as TOTAL_SOLD,
            p.COST_PRICE,
            AVG(i.QUANTITY) * p.COST_PRICE as AVG_INVENTORY_VALUE,
            CASE 
                WHEN AVG(i.QUANTITY) > 0 THEN ROUND(NVL(SUM(ABS(sales.QUANTITY_SOLD)), 0) / AVG(i.QUANTITY), 2)
                ELSE 0
            END as TURNOVER_RATIO,
            CASE 
                WHEN NVL(SUM(ABS(sales.QUANTITY_SOLD)), 0) > 0 THEN ROUND(365 * AVG(i.QUANTITY) / NVL(SUM(ABS(sales.QUANTITY_SOLD)), 1), 1)
                ELSE NULL
            END as DAYS_IN_INVENTORY
        FROM PRODUCTS p
        LEFT JOIN CATEGORIES c ON p.CATEGORY_ID = c.CATEGORY_ID
        LEFT JOIN INVENTORY i ON p.PRODUCT_ID = i.PRODUCT_ID
        LEFT JOIN (
            SELECT PRODUCT_ID, SUM(ABS(QUANTITY)) as QUANTITY_SOLD
            FROM INVENTORY_MOVEMENTS
            WHERE MOVEMENT_TYPE = 'SALE'
            AND CREATED_AT BETWEEN TO_DATE(#{startDate}, 'YYYY-MM-DD') 
            AND TO_DATE(#{endDate}, 'YYYY-MM-DD') + 1
            GROUP BY PRODUCT_ID
        ) sales ON p.PRODUCT_ID = sales.PRODUCT_ID
        WHERE p.STATUS = 'ACTIVE'
        GROUP BY p.PRODUCT_ID, p.PRODUCT_NAME, p.SKU, c.CATEGORY_NAME, p.COST_PRICE
        HAVING AVG(i.QUANTITY) > 0 OR NVL(SUM(ABS(sales.QUANTITY_SOLD)), 0) > 0
        ORDER BY TURNOVER_RATIO DESC
    </select>

    <select id="getWarehouseUtilizationReport" resultType="Map">
        SELECT 
            w.WAREHOUSE_ID,
            w.WAREHOUSE_NAME,
            w.LOCATION,
            w.TOTAL_CAPACITY,
            COUNT(DISTINCT i.PRODUCT_ID) as UNIQUE_PRODUCTS,
            SUM(i.QUANTITY) as TOTAL_ITEMS,
            SUM(i.QUANTITY * p.WEIGHT) as TOTAL_WEIGHT,
            SUM(i.QUANTITY * p.COST_PRICE) as TOTAL_INVENTORY_VALUE,
            ROUND(SUM(i.QUANTITY) * 100.0 / NULLIF(w.TOTAL_CAPACITY, 0), 2) as UTILIZATION_PERCENTAGE,
            COUNT(CASE WHEN i.QUANTITY = 0 THEN 1 END) as OUT_OF_STOCK_PRODUCTS,
            COUNT(CASE WHEN i.QUANTITY &lt;= p.MIN_STOCK_LEVEL THEN 1 END) as LOW_STOCK_PRODUCTS
        FROM WAREHOUSES w
        LEFT JOIN INVENTORY i ON w.WAREHOUSE_ID = i.WAREHOUSE_ID
        LEFT JOIN PRODUCTS p ON i.PRODUCT_ID = p.PRODUCT_ID AND p.STATUS = 'ACTIVE'
        WHERE w.STATUS = 'ACTIVE'
        GROUP BY w.WAREHOUSE_ID, w.WAREHOUSE_NAME, w.LOCATION, w.TOTAL_CAPACITY
        ORDER BY UTILIZATION_PERCENTAGE DESC
    </select>

    <select id="getStockAdjustmentHistory" resultType="Map">
        SELECT 
            sa.ADJUSTMENT_ID,
            sa.PRODUCT_ID,
            p.PRODUCT_NAME,
            p.SKU,
            w.WAREHOUSE_NAME,
            sa.ADJUSTMENT_TYPE,
            sa.QUANTITY_BEFORE,
            sa.QUANTITY_AFTER,
            sa.ADJUSTMENT_QUANTITY,
            sa.REASON,
            sa.CREATED_AT,
            u.USERNAME as ADJUSTED_BY,
            ABS(sa.ADJUSTMENT_QUANTITY * p.COST_PRICE) as ADJUSTMENT_VALUE
        FROM STOCK_ADJUSTMENTS sa
        INNER JOIN PRODUCTS p ON sa.PRODUCT_ID = p.PRODUCT_ID
        INNER JOIN WAREHOUSES w ON sa.WAREHOUSE_ID = w.WAREHOUSE_ID
        LEFT JOIN USERS u ON sa.CREATED_BY = u.USER_ID
        WHERE sa.CREATED_AT BETWEEN TO_DATE(#{startDate}, 'YYYY-MM-DD') 
        AND TO_DATE(#{endDate}, 'YYYY-MM-DD') + 1
        ORDER BY sa.CREATED_AT DESC
    </select>

    <insert id="insertInventoryMovement">
        INSERT INTO INVENTORY_MOVEMENTS (
            MOVEMENT_ID, PRODUCT_ID, WAREHOUSE_ID, MOVEMENT_TYPE, QUANTITY,
            REFERENCE_TYPE, REFERENCE_ID, CREATED_AT, CREATED_BY
        ) VALUES (
            INVENTORY_MOVEMENT_SEQ.NEXTVAL, #{productId}, #{warehouseId}, #{movementType}, #{quantity},
            'MANUAL', NULL, SYSDATE, 1
        )
    </insert>

    <update id="updateInventoryQuantity">
        MERGE INTO INVENTORY i
        USING (SELECT #{productId} as PRODUCT_ID, #{warehouseId} as WAREHOUSE_ID FROM DUAL) src
        ON (i.PRODUCT_ID = src.PRODUCT_ID AND i.WAREHOUSE_ID = src.WAREHOUSE_ID)
        WHEN MATCHED THEN
            UPDATE SET 
                QUANTITY = QUANTITY + #{quantity},
                UPDATED_AT = SYSDATE
        WHEN NOT MATCHED THEN
            INSERT (INVENTORY_ID, PRODUCT_ID, WAREHOUSE_ID, QUANTITY, CREATED_AT)
            VALUES (INVENTORY_SEQ.NEXTVAL, #{productId}, #{warehouseId}, #{quantity}, SYSDATE)
    </update>

    <insert id="adjustInventory">
        <selectKey keyProperty="adjustmentId" resultType="Long" order="BEFORE">
            SELECT STOCK_ADJUSTMENT_SEQ.NEXTVAL FROM DUAL
        </selectKey>
        INSERT INTO STOCK_ADJUSTMENTS (
            ADJUSTMENT_ID, PRODUCT_ID, WAREHOUSE_ID, ADJUSTMENT_TYPE,
            QUANTITY_BEFORE, ADJUSTMENT_QUANTITY, QUANTITY_AFTER, REASON, CREATED_AT, CREATED_BY
        ) 
        SELECT 
            STOCK_ADJUSTMENT_SEQ.CURRVAL, #{productId}, #{warehouseId},
            CASE WHEN #{adjustmentQuantity} > 0 THEN 'INCREASE' ELSE 'DECREASE' END,
            NVL(i.QUANTITY, 0), #{adjustmentQuantity}, NVL(i.QUANTITY, 0) + #{adjustmentQuantity}, 
            #{reason}, SYSDATE, 1
        FROM DUAL
        LEFT JOIN INVENTORY i ON i.PRODUCT_ID = #{productId} AND i.WAREHOUSE_ID = #{warehouseId}
    </insert>

    <update id="transferInventory">
        UPDATE INVENTORY SET 
            QUANTITY = QUANTITY - #{quantity},
            UPDATED_AT = SYSDATE
        WHERE PRODUCT_ID = #{productId} AND WAREHOUSE_ID = #{fromWarehouseId} AND QUANTITY >= #{quantity};
        
        MERGE INTO INVENTORY i
        USING (SELECT #{productId} as PRODUCT_ID, #{toWarehouseId} as WAREHOUSE_ID FROM DUAL) src
        ON (i.PRODUCT_ID = src.PRODUCT_ID AND i.WAREHOUSE_ID = src.WAREHOUSE_ID)
        WHEN MATCHED THEN
            UPDATE SET 
                QUANTITY = QUANTITY + #{quantity},
                UPDATED_AT = SYSDATE
        WHEN NOT MATCHED THEN
            INSERT (INVENTORY_ID, PRODUCT_ID, WAREHOUSE_ID, QUANTITY, CREATED_AT)
            VALUES (INVENTORY_SEQ.NEXTVAL, #{productId}, #{toWarehouseId}, #{quantity}, SYSDATE)
    </update>

    <select id="callInventoryReorderProcedure" statementType="CALLABLE">
        {CALL INVENTORY_REORDER_PROC(#{warehouseId, mode=IN, jdbcType=NUMERIC})}
    </select>

    <select id="callInventoryOptimizationProcedure" statementType="CALLABLE">
        {CALL INVENTORY_OPTIMIZATION_PROC(#{categoryId, mode=IN, jdbcType=NUMERIC})}
    </select>

</mapper>