<?xml version="1.0" encoding="UTF-8"?>
<!DOCTYPE mapper PUBLIC "-//mybatis.org//DTD Mapper 3.0//EN" "http://mybatis.org/dtd/mybatis-3-mapper.dtd">
<mapper namespace="com.oracle.ecommerce.mapper.UserMapper">

    <resultMap id="UserResultMap" type="User">
        <id property="userId" column="USER_ID"/>
        <result property="username" column="USERNAME"/>
        <result property="email" column="EMAIL"/>
        <result property="password" column="PASSWORD"/>
        <result property="firstName" column="FIRST_NAME"/>
        <result property="lastName" column="LAST_NAME"/>
        <result property="phoneNumber" column="PHONE_NUMBER"/>
        <result property="birthDate" column="BIRTH_DATE"/>
        <result property="gender" column="GENDER"/>
        <result property="status" column="STATUS"/>
        <result property="createdAt" column="CREATED_AT"/>
        <result property="updatedAt" column="UPDATED_AT"/>
        <result property="createdBy" column="CREATED_BY"/>
        <result property="updatedBy" column="UPDATED_BY"/>
    </resultMap>

    <select id="selectById" parameterType="Long" resultMap="UserResultMap">
        SELECT * FROM USERS WHERE USER_ID = #{userId} AND STATUS != 'DELETED'
    </select>

    <select id="selectByUsername" parameterType="String" resultMap="UserResultMap">
        SELECT * FROM USERS WHERE USERNAME = #{username} AND STATUS = 'ACTIVE'
    </select>

    <select id="selectByEmail" parameterType="String" resultMap="UserResultMap">
        SELECT * FROM USERS WHERE EMAIL = #{email} AND STATUS != 'DELETED'
    </select>

    <select id="selectAll" resultMap="UserResultMap">
        SELECT * FROM USERS WHERE STATUS != 'DELETED' ORDER BY CREATED_AT DESC
    </select>

    <select id="selectByStatus" parameterType="String" resultMap="UserResultMap">
        SELECT * FROM USERS WHERE STATUS = #{status} ORDER BY CREATED_AT DESC
    </select>

    <select id="selectActiveUsers" resultMap="UserResultMap">
        SELECT u.* FROM USERS u 
        WHERE u.STATUS = 'ACTIVE' 
        AND EXISTS (
            SELECT 1 FROM USER_SESSIONS us 
            WHERE us.USER_ID = u.USER_ID 
            AND us.LAST_ACCESS_TIME > SYSDATE - 30
        )
        ORDER BY u.LAST_LOGIN_TIME DESC
    </select>

    <select id="selectUsersByDateRange" resultMap="UserResultMap">
        SELECT * FROM USERS 
        WHERE CREATED_AT BETWEEN TO_DATE(#{startDate}, 'YYYY-MM-DD') 
        AND TO_DATE(#{endDate}, 'YYYY-MM-DD') + 1
        AND STATUS != 'DELETED'
        ORDER BY CREATED_AT DESC
    </select>

    <select id="selectUsersByAge" resultMap="UserResultMap">
        SELECT * FROM USERS 
        WHERE FLOOR(MONTHS_BETWEEN(SYSDATE, BIRTH_DATE) / 12) BETWEEN #{minAge} AND #{maxAge}
        AND STATUS = 'ACTIVE'
        ORDER BY BIRTH_DATE DESC
    </select>

    <select id="searchUsers" parameterType="String" resultMap="UserResultMap">
        <![CDATA[
        SELECT * FROM USERS 
        WHERE (UPPER(USERNAME) LIKE UPPER('%' || #{keyword} || '%')
        OR UPPER(FIRST_NAME) LIKE UPPER('%' || #{keyword} || '%')
        OR UPPER(LAST_NAME) LIKE UPPER('%' || #{keyword} || '%')
        OR UPPER(EMAIL) LIKE UPPER('%' || #{keyword} || '%'))
        AND STATUS != 'DELETED'
        ORDER BY 
            CASE 
                WHEN UPPER(USERNAME) = UPPER(#{keyword}) THEN 1
                WHEN UPPER(USERNAME) LIKE UPPER(#{keyword} || '%') THEN 2
                ELSE 3
            END,
            CREATED_AT DESC
        ]]>
    </select>

    <select id="getUserStatistics" resultType="Map">
        SELECT 
            COUNT(*) as TOTAL_USERS,
            COUNT(CASE WHEN STATUS = 'ACTIVE' THEN 1 END) as ACTIVE_USERS,
            COUNT(CASE WHEN STATUS = 'INACTIVE' THEN 1 END) as INACTIVE_USERS,
            COUNT(CASE WHEN CREATED_AT > SYSDATE - 30 THEN 1 END) as NEW_USERS_30_DAYS,
            COUNT(CASE WHEN GENDER = 'M' THEN 1 END) as MALE_USERS,
            COUNT(CASE WHEN GENDER = 'F' THEN 1 END) as FEMALE_USERS,
            ROUND(AVG(MONTHS_BETWEEN(SYSDATE, BIRTH_DATE) / 12), 2) as AVG_AGE
        FROM USERS 
        WHERE STATUS != 'DELETED'
    </select>

    <select id="getUserActivityReport" parameterType="Long" resultType="Map">
        SELECT 
            u.USER_ID,
            u.USERNAME,
            u.EMAIL,
            COUNT(DISTINCT o.ORDER_ID) as TOTAL_ORDERS,
            NVL(SUM(o.FINAL_AMOUNT), 0) as TOTAL_SPENT,
            COUNT(DISTINCT r.REVIEW_ID) as TOTAL_REVIEWS,
            MAX(ul.LOGIN_TIME) as LAST_LOGIN,
            COUNT(DISTINCT ul.LOGIN_ID) as LOGIN_COUNT
        FROM USERS u
        LEFT JOIN ORDERS o ON u.USER_ID = o.USER_ID AND o.ORDER_STATUS != 'CANCELLED'
        LEFT JOIN REVIEWS r ON u.USER_ID = r.USER_ID
        LEFT JOIN USER_LOGINS ul ON u.USER_ID = ul.USER_ID AND ul.LOGIN_TIME > SYSDATE - 365
        WHERE u.USER_ID = #{userId}
        GROUP BY u.USER_ID, u.USERNAME, u.EMAIL
    </select>

    <insert id="insert" parameterType="User">
        <selectKey keyProperty="userId" resultType="Long" order="BEFORE">
            SELECT USER_SEQ.NEXTVAL FROM DUAL
        </selectKey>
        INSERT INTO USERS (
            USER_ID, USERNAME, EMAIL, PASSWORD, FIRST_NAME, LAST_NAME,
            PHONE_NUMBER, BIRTH_DATE, GENDER, STATUS, CREATED_AT, CREATED_BY
        ) VALUES (
            #{userId}, #{username}, #{email}, #{password}, 
            #{firstName,jdbcType=VARCHAR}, #{lastName,jdbcType=VARCHAR},
            #{phoneNumber,jdbcType=VARCHAR}, #{birthDate,jdbcType=DATE}, 
            #{gender,jdbcType=CHAR}, 'ACTIVE', SYSDATE, #{createdBy,jdbcType=NUMERIC}
        )
    </insert>

    <update id="update" parameterType="User">
        UPDATE USERS 
        <set>
            <if test="username != null">USERNAME = #{username,jdbcType=VARCHAR},</if>
            <if test="email != null">EMAIL = #{email,jdbcType=VARCHAR},</if>
            <if test="firstName != null">FIRST_NAME = #{firstName,jdbcType=VARCHAR},</if>
            <if test="lastName != null">LAST_NAME = #{lastName,jdbcType=VARCHAR},</if>
            <if test="phoneNumber != null">PHONE_NUMBER = #{phoneNumber,jdbcType=VARCHAR},</if>
            <if test="birthDate != null">BIRTH_DATE = #{birthDate,jdbcType=DATE},</if>
            <if test="gender != null">GENDER = #{gender,jdbcType=CHAR},</if>
            UPDATED_AT = SYSDATE,
            <if test="updatedBy != null">UPDATED_BY = #{updatedBy,jdbcType=NUMERIC}</if>
        </set>
        WHERE USER_ID = #{userId}
    </update>

    <update id="updateStatus">
        UPDATE USERS SET 
            STATUS = #{status},
            UPDATED_AT = SYSDATE
        WHERE USER_ID = #{userId}
    </update>

    <update id="updatePassword">
        UPDATE USERS SET 
            PASSWORD = #{password},
            UPDATED_AT = SYSDATE
        WHERE USER_ID = #{userId}
    </update>

    <delete id="delete" parameterType="Long">
        UPDATE USERS SET 
            STATUS = 'DELETED',
            UPDATED_AT = SYSDATE
        WHERE USER_ID = #{userId}
    </delete>

    <insert id="batchInsert" parameterType="List">
        INSERT INTO USERS (
            USER_ID, USERNAME, EMAIL, PASSWORD, FIRST_NAME, LAST_NAME,
            PHONE_NUMBER, BIRTH_DATE, GENDER, STATUS, CREATED_AT
        )
        <foreach collection="users" item="user" separator="UNION ALL">
            SELECT 
                USER_SEQ.NEXTVAL, #{user.username}, #{user.email}, #{user.password},
                #{user.firstName}, #{user.lastName}, #{user.phoneNumber}, #{user.birthDate},
                #{user.gender}, 'ACTIVE', SYSDATE
            FROM DUAL
        </foreach>
    </insert>

    <update id="batchUpdateStatus">
        UPDATE USERS SET 
            STATUS = #{status},
            UPDATED_AT = SYSDATE
        WHERE USER_ID IN
        <foreach collection="userIds" item="userId" open="(" separator="," close=")">
            #{userId}
        </foreach>
    </update>

    <select id="countByStatus" parameterType="String" resultType="int">
        SELECT COUNT(*) FROM USERS WHERE STATUS = #{status}
    </select>

    <select id="countActiveUsers" resultType="int">
        SELECT COUNT(*) FROM USERS WHERE STATUS = 'ACTIVE'
    </select>

    <select id="countUsersByDateRange" resultType="int">
        SELECT COUNT(*) FROM USERS 
        WHERE CREATED_AT BETWEEN TO_DATE(#{startDate}, 'YYYY-MM-DD') 
        AND TO_DATE(#{endDate}, 'YYYY-MM-DD') + 1
        AND STATUS != 'DELETED'
    </select>

    <select id="callUserMaintenanceProcedure" statementType="CALLABLE">
        {CALL USER_MAINTENANCE_PROC(#{userId, mode=IN, jdbcType=NUMERIC})}
    </select>

    <select id="callUserReportProcedure" statementType="CALLABLE">
        {CALL USER_REPORT_PROC(#{reportType, mode=IN, jdbcType=VARCHAR}, #{startDate, mode=IN, jdbcType=VARCHAR})}
    </select>

</mapper>