<?xml version="1.0" encoding="UTF-8"?>
<!DOCTYPE mapper PUBLIC "-//mybatis.org//DTD Mapper 3.0//EN" "http://mybatis.org/dtd/mybatis-3-mapper.dtd">
<mapper namespace="com.oracle.ecommerce.mapper.PaymentMapper">

    <select id="selectById" parameterType="Long" resultType="Map">
        SELECT p.*, o.ORDER_NUMBER, u.USERNAME, u.EMAIL
        FROM PAYMENTS p
        LEFT JOIN ORDERS o ON p.ORDER_ID = o.ORDER_ID
        LEFT JOIN USERS u ON o.USER_ID = u.USER_ID
        WHERE p.PAYMENT_ID = #{paymentId}
    </select>

    <select id="selectByOrderId" parameterType="Long" resultType="Map">
        SELECT p.*, pm.METHOD_NAME, pm.PROVIDER
        FROM PAYMENTS p
        LEFT JOIN PAYMENT_METHODS pm ON p.PAYMENT_METHOD_ID = pm.METHOD_ID
        WHERE p.ORDER_ID = #{orderId}
        ORDER BY p.CREATED_AT DESC
    </select>

    <select id="selectByUserId" parameterType="Long" resultType="Map">
        SELECT p.*, o.ORDER_NUMBER, pm.METHOD_NAME
        FROM PAYMENTS p
        INNER JOIN ORDERS o ON p.ORDER_ID = o.ORDER_ID
        LEFT JOIN PAYMENT_METHODS pm ON p.PAYMENT_METHOD_ID = pm.METHOD_ID
        WHERE o.USER_ID = #{userId}
        ORDER BY p.CREATED_AT DESC
    </select>

    <select id="selectByStatus" parameterType="String" resultType="Map">
        SELECT p.*, o.ORDER_NUMBER, u.USERNAME, pm.METHOD_NAME
        FROM PAYMENTS p
        INNER JOIN ORDERS o ON p.ORDER_ID = o.ORDER_ID
        INNER JOIN USERS u ON o.USER_ID = u.USER_ID
        LEFT JOIN PAYMENT_METHODS pm ON p.PAYMENT_METHOD_ID = pm.METHOD_ID
        WHERE p.PAYMENT_STATUS = #{status}
        ORDER BY p.CREATED_AT DESC
    </select>

    <select id="selectByPaymentMethod" parameterType="String" resultType="Map">
        SELECT p.*, o.ORDER_NUMBER, u.USERNAME
        FROM PAYMENTS p
        INNER JOIN ORDERS o ON p.ORDER_ID = o.ORDER_ID
        INNER JOIN USERS u ON o.USER_ID = u.USER_ID
        INNER JOIN PAYMENT_METHODS pm ON p.PAYMENT_METHOD_ID = pm.METHOD_ID
        WHERE pm.METHOD_NAME = #{paymentMethod}
        ORDER BY p.CREATED_AT DESC
    </select>

    <select id="selectByDateRange" resultType="Map">
        SELECT p.*, o.ORDER_NUMBER, u.USERNAME, pm.METHOD_NAME
        FROM PAYMENTS p
        INNER JOIN ORDERS o ON p.ORDER_ID = o.ORDER_ID
        INNER JOIN USERS u ON o.USER_ID = u.USER_ID
        LEFT JOIN PAYMENT_METHODS pm ON p.PAYMENT_METHOD_ID = pm.METHOD_ID
        WHERE p.CREATED_AT BETWEEN TO_DATE(#{startDate}, 'YYYY-MM-DD') 
        AND TO_DATE(#{endDate}, 'YYYY-MM-DD') + 1
        ORDER BY p.CREATED_AT DESC
    </select>

    <select id="selectFailedPayments" resultType="Map">
        SELECT p.*, o.ORDER_NUMBER, u.USERNAME, u.EMAIL, pm.METHOD_NAME,
               pr.RETRY_COUNT, pr.LAST_RETRY_DATE, pr.FAILURE_REASON
        FROM PAYMENTS p
        INNER JOIN ORDERS o ON p.ORDER_ID = o.ORDER_ID
        INNER JOIN USERS u ON o.USER_ID = u.USER_ID
        LEFT JOIN PAYMENT_METHODS pm ON p.PAYMENT_METHOD_ID = pm.METHOD_ID
        LEFT JOIN PAYMENT_RETRIES pr ON p.PAYMENT_ID = pr.PAYMENT_ID
        WHERE p.PAYMENT_STATUS IN ('FAILED', 'DECLINED', 'ERROR')
        AND p.CREATED_AT >= SYSDATE - 30
        ORDER BY p.CREATED_AT DESC
    </select>

    <select id="selectRefundablePayments" resultType="Map">
        SELECT p.*, o.ORDER_NUMBER, u.USERNAME, pm.METHOD_NAME,
               p.AMOUNT - NVL(refunds.TOTAL_REFUNDED, 0) as REFUNDABLE_AMOUNT
        FROM PAYMENTS p
        INNER JOIN ORDERS o ON p.ORDER_ID = o.ORDER_ID
        INNER JOIN USERS u ON o.USER_ID = u.USER_ID
        LEFT JOIN PAYMENT_METHODS pm ON p.PAYMENT_METHOD_ID = pm.METHOD_ID
        LEFT JOIN (
            SELECT PAYMENT_ID, SUM(REFUND_AMOUNT) as TOTAL_REFUNDED
            FROM PAYMENT_REFUNDS
            WHERE REFUND_STATUS = 'COMPLETED'
            GROUP BY PAYMENT_ID
        ) refunds ON p.PAYMENT_ID = refunds.PAYMENT_ID
        WHERE p.PAYMENT_STATUS = 'COMPLETED'
        AND p.AMOUNT > NVL(refunds.TOTAL_REFUNDED, 0)
        AND p.CREATED_AT >= SYSDATE - 365
        ORDER BY p.CREATED_AT DESC
    </select>

    <select id="getPaymentSummaryReport" resultType="Map">
        SELECT 
            COUNT(*) as TOTAL_PAYMENTS,
            COUNT(CASE WHEN PAYMENT_STATUS = 'COMPLETED' THEN 1 END) as SUCCESSFUL_PAYMENTS,
            COUNT(CASE WHEN PAYMENT_STATUS = 'FAILED' THEN 1 END) as FAILED_PAYMENTS,
            COUNT(CASE WHEN PAYMENT_STATUS = 'PENDING' THEN 1 END) as PENDING_PAYMENTS,
            COUNT(CASE WHEN PAYMENT_STATUS = 'REFUNDED' THEN 1 END) as REFUNDED_PAYMENTS,
            NVL(SUM(CASE WHEN PAYMENT_STATUS = 'COMPLETED' THEN AMOUNT END), 0) as TOTAL_AMOUNT,
            NVL(AVG(CASE WHEN PAYMENT_STATUS = 'COMPLETED' THEN AMOUNT END), 0) as AVG_PAYMENT_AMOUNT,
            ROUND(COUNT(CASE WHEN PAYMENT_STATUS = 'COMPLETED' THEN 1 END) * 100.0 / COUNT(*), 2) as SUCCESS_RATE,
            NVL(SUM(CASE WHEN PAYMENT_STATUS = 'REFUNDED' THEN AMOUNT END), 0) as TOTAL_REFUNDED
        FROM PAYMENTS 
        WHERE CREATED_AT BETWEEN TO_DATE(#{startDate}, 'YYYY-MM-DD') 
        AND TO_DATE(#{endDate}, 'YYYY-MM-DD') + 1
    </select>

    <select id="getPaymentMethodReport" resultType="Map">
        SELECT 
            pm.METHOD_NAME,
            pm.PROVIDER,
            COUNT(p.PAYMENT_ID) as PAYMENT_COUNT,
            COUNT(CASE WHEN p.PAYMENT_STATUS = 'COMPLETED' THEN 1 END) as SUCCESSFUL_COUNT,
            NVL(SUM(CASE WHEN p.PAYMENT_STATUS = 'COMPLETED' THEN p.AMOUNT END), 0) as TOTAL_AMOUNT,
            NVL(AVG(CASE WHEN p.PAYMENT_STATUS = 'COMPLETED' THEN p.AMOUNT END), 0) as AVG_AMOUNT,
            ROUND(COUNT(CASE WHEN p.PAYMENT_STATUS = 'COMPLETED' THEN 1 END) * 100.0 / NULLIF(COUNT(p.PAYMENT_ID), 0), 2) as SUCCESS_RATE,
            NVL(SUM(pm.TRANSACTION_FEE * CASE WHEN p.PAYMENT_STATUS = 'COMPLETED' THEN p.AMOUNT END), 0) as TOTAL_FEES
        FROM PAYMENT_METHODS pm
        LEFT JOIN PAYMENTS p ON pm.METHOD_ID = p.PAYMENT_METHOD_ID
        AND p.CREATED_AT BETWEEN TO_DATE(#{startDate}, 'YYYY-MM-DD') 
        AND TO_DATE(#{endDate}, 'YYYY-MM-DD') + 1
        WHERE pm.STATUS = 'ACTIVE'
        GROUP BY pm.METHOD_NAME, pm.PROVIDER
        ORDER BY TOTAL_AMOUNT DESC
    </select>

    <insert id="insertPayment">
        <selectKey keyProperty="paymentId" resultType="Long" order="BEFORE">
            SELECT PAYMENT_SEQ.NEXTVAL FROM DUAL
        </selectKey>
        INSERT INTO PAYMENTS (
            PAYMENT_ID, ORDER_ID, AMOUNT, PAYMENT_METHOD_ID, PAYMENT_STATUS,
            TRANSACTION_ID, GATEWAY_RESPONSE, CREATED_AT, CREATED_BY
        ) VALUES (
            PAYMENT_SEQ.CURRVAL, #{orderId}, #{amount}, 
            (SELECT METHOD_ID FROM PAYMENT_METHODS WHERE METHOD_NAME = #{paymentMethod}),
            'PENDING', 'TXN' || TO_CHAR(SYSDATE, 'YYYYMMDDHH24MISS') || PAYMENT_SEQ.CURRVAL,
            #{gatewayResponse,jdbcType=CLOB}, SYSDATE, #{createdBy,jdbcType=NUMERIC}
        )
    </insert>

    <update id="updatePaymentStatus">
        UPDATE PAYMENTS SET 
            PAYMENT_STATUS = #{status},
            UPDATED_AT = SYSDATE,
            PROCESSED_AT = CASE WHEN #{status} = 'COMPLETED' THEN SYSDATE ELSE PROCESSED_AT END
        WHERE PAYMENT_ID = #{paymentId}
    </update>

    <insert id="processRefund">
        INSERT INTO PAYMENT_REFUNDS (
            REFUND_ID, PAYMENT_ID, REFUND_AMOUNT, REFUND_STATUS, REFUND_REASON, CREATED_AT
        ) VALUES (
            REFUND_SEQ.NEXTVAL, #{paymentId}, #{refundAmount}, 'PROCESSING', #{refundReason,jdbcType=VARCHAR}, SYSDATE
        )
    </insert>

    <select id="getTotalPaymentsByDateRange" resultType="BigDecimal">
        SELECT NVL(SUM(AMOUNT), 0) 
        FROM PAYMENTS 
        WHERE PAYMENT_STATUS = 'COMPLETED'
        AND CREATED_AT BETWEEN TO_DATE(#{startDate}, 'YYYY-MM-DD') 
        AND TO_DATE(#{endDate}, 'YYYY-MM-DD') + 1
    </select>

    <select id="callPaymentProcessingProcedure" statementType="CALLABLE">
        {CALL PAYMENT_PROCESSING_PROC(#{paymentId, mode=IN, jdbcType=NUMERIC})}
    </select>

</mapper>