<?xml version="1.0" encoding="UTF-8"?>
<!DOCTYPE mapper PUBLIC "-//mybatis.org//DTD Mapper 3.0//EN" "http://mybatis.org/dtd/mybatis-3-mapper.dtd">
<mapper namespace="com.oracle.ecommerce.mapper.ProductMapper">

    <resultMap id="ProductResultMap" type="Product">
        <id property="productId" column="PRODUCT_ID"/>
        <result property="productName" column="PRODUCT_NAME"/>
        <result property="description" column="DESCRIPTION"/>
        <result property="sku" column="SKU"/>
        <result property="categoryId" column="CATEGORY_ID"/>
        <result property="brandId" column="BRAND_ID"/>
        <result property="price" column="PRICE"/>
        <result property="costPrice" column="COST_PRICE"/>
        <result property="status" column="STATUS"/>
        <result property="stockQuantity" column="STOCK_QUANTITY"/>
        <result property="minStockLevel" column="MIN_STOCK_LEVEL"/>
        <result property="maxStockLevel" column="MAX_STOCK_LEVEL"/>
        <result property="weight" column="WEIGHT"/>
        <result property="dimensions" column="DIMENSIONS"/>
        <result property="imageUrl" column="IMAGE_URL"/>
        <result property="createdAt" column="CREATED_AT"/>
        <result property="updatedAt" column="UPDATED_AT"/>
        <result property="createdBy" column="CREATED_BY"/>
        <result property="updatedBy" column="UPDATED_BY"/>
    </resultMap>

    <select id="selectById" parameterType="Long" resultMap="ProductResultMap">
        SELECT p.*, c.CATEGORY_NAME, b.BRAND_NAME
        FROM PRODUCTS p
        LEFT JOIN CATEGORIES c ON p.CATEGORY_ID = c.CATEGORY_ID
        LEFT JOIN BRANDS b ON p.BRAND_ID = b.BRAND_ID
        WHERE p.PRODUCT_ID = #{productId} AND p.STATUS != 'DELETED'
    </select>

    <select id="selectBySku" parameterType="String" resultMap="ProductResultMap">
        SELECT * FROM PRODUCTS WHERE SKU = #{sku} AND STATUS != 'DELETED'
    </select>

    <select id="selectAll" resultMap="ProductResultMap">
        SELECT p.*, c.CATEGORY_NAME, b.BRAND_NAME
        FROM PRODUCTS p
        LEFT JOIN CATEGORIES c ON p.CATEGORY_ID = c.CATEGORY_ID
        LEFT JOIN BRANDS b ON p.BRAND_ID = b.BRAND_ID
        WHERE p.STATUS != 'DELETED'
        ORDER BY p.CREATED_AT DESC
    </select>

    <select id="selectByCategory" parameterType="Long" resultMap="ProductResultMap">
        SELECT p.*, c.CATEGORY_NAME, b.BRAND_NAME
        FROM PRODUCTS p
        LEFT JOIN CATEGORIES c ON p.CATEGORY_ID = c.CATEGORY_ID
        LEFT JOIN BRANDS b ON p.BRAND_ID = b.BRAND_ID
        WHERE p.CATEGORY_ID = #{categoryId} AND p.STATUS = 'ACTIVE'
        ORDER BY p.PRODUCT_NAME
    </select>

    <select id="selectByBrand" parameterType="Long" resultMap="ProductResultMap">
        SELECT p.*, c.CATEGORY_NAME, b.BRAND_NAME
        FROM PRODUCTS p
        LEFT JOIN CATEGORIES c ON p.CATEGORY_ID = c.CATEGORY_ID
        LEFT JOIN BRANDS b ON p.BRAND_ID = b.BRAND_ID
        WHERE p.BRAND_ID = #{brandId} AND p.STATUS = 'ACTIVE'
        ORDER BY p.PRODUCT_NAME
    </select>

    <select id="selectByStatus" parameterType="String" resultMap="ProductResultMap">
        SELECT * FROM PRODUCTS WHERE STATUS = #{status} ORDER BY CREATED_AT DESC
    </select>

    <select id="selectByPriceRange" resultMap="ProductResultMap">
        SELECT p.*, c.CATEGORY_NAME, b.BRAND_NAME
        FROM PRODUCTS p
        LEFT JOIN CATEGORIES c ON p.CATEGORY_ID = c.CATEGORY_ID
        LEFT JOIN BRANDS b ON p.BRAND_ID = b.BRAND_ID
        WHERE p.PRICE BETWEEN #{minPrice} AND #{maxPrice}
        AND p.STATUS = 'ACTIVE'
        ORDER BY p.PRICE ASC
    </select>

    <select id="selectLowStockProducts" resultMap="ProductResultMap">
        SELECT p.*, c.CATEGORY_NAME, b.BRAND_NAME
        FROM PRODUCTS p
        LEFT JOIN CATEGORIES c ON p.CATEGORY_ID = c.CATEGORY_ID
        LEFT JOIN BRANDS b ON p.BRAND_ID = b.BRAND_ID
        WHERE p.STOCK_QUANTITY &lt;= p.MIN_STOCK_LEVEL
        AND p.STATUS = 'ACTIVE'
        ORDER BY (p.STOCK_QUANTITY / NULLIF(p.MIN_STOCK_LEVEL, 0)) ASC
    </select>

    <select id="selectOutOfStockProducts" resultMap="ProductResultMap">
        SELECT p.*, c.CATEGORY_NAME, b.BRAND_NAME
        FROM PRODUCTS p
        LEFT JOIN CATEGORIES c ON p.CATEGORY_ID = c.CATEGORY_ID
        LEFT JOIN BRANDS b ON p.BRAND_ID = b.BRAND_ID
        WHERE p.STOCK_QUANTITY = 0 AND p.STATUS = 'ACTIVE'
        ORDER BY p.UPDATED_AT DESC
    </select>

    <select id="searchProducts" parameterType="String" resultMap="ProductResultMap">
        <![CDATA[
        SELECT p.*, c.CATEGORY_NAME, b.BRAND_NAME
        FROM PRODUCTS p
        LEFT JOIN CATEGORIES c ON p.CATEGORY_ID = c.CATEGORY_ID
        LEFT JOIN BRANDS b ON p.BRAND_ID = b.BRAND_ID
        WHERE (UPPER(p.PRODUCT_NAME) LIKE UPPER('%' || #{keyword} || '%')
        OR UPPER(p.DESCRIPTION) LIKE UPPER('%' || #{keyword} || '%')
        OR UPPER(p.SKU) LIKE UPPER('%' || #{keyword} || '%')
        OR UPPER(c.CATEGORY_NAME) LIKE UPPER('%' || #{keyword} || '%')
        OR UPPER(b.BRAND_NAME) LIKE UPPER('%' || #{keyword} || '%'))
        AND p.STATUS = 'ACTIVE'
        ORDER BY 
            CASE 
                WHEN UPPER(p.PRODUCT_NAME) = UPPER(#{keyword}) THEN 1
                WHEN UPPER(p.PRODUCT_NAME) LIKE UPPER(#{keyword} || '%') THEN 2
                WHEN UPPER(p.SKU) = UPPER(#{keyword}) THEN 3
                ELSE 4
            END,
            p.PRODUCT_NAME
        ]]>
    </select>

    <select id="selectFeaturedProducts" resultMap="ProductResultMap">
        SELECT p.*, c.CATEGORY_NAME, b.BRAND_NAME
        FROM PRODUCTS p
        LEFT JOIN CATEGORIES c ON p.CATEGORY_ID = c.CATEGORY_ID
        LEFT JOIN BRANDS b ON p.BRAND_ID = b.BRAND_ID
        WHERE p.STATUS = 'ACTIVE'
        AND EXISTS (
            SELECT 1 FROM PRODUCT_FEATURES pf 
            WHERE pf.PRODUCT_ID = p.PRODUCT_ID 
            AND pf.FEATURE_TYPE = 'FEATURED'
            AND pf.START_DATE &lt;= SYSDATE 
            AND (pf.END_DATE IS NULL OR pf.END_DATE >= SYSDATE)
        )
        ORDER BY p.CREATED_AT DESC
    </select>

    <select id="selectNewProducts" parameterType="Integer" resultMap="ProductResultMap">
        SELECT p.*, c.CATEGORY_NAME, b.BRAND_NAME
        FROM PRODUCTS p
        LEFT JOIN CATEGORIES c ON p.CATEGORY_ID = c.CATEGORY_ID
        LEFT JOIN BRANDS b ON p.BRAND_ID = b.BRAND_ID
        WHERE p.CREATED_AT >= SYSDATE - #{days}
        AND p.STATUS = 'ACTIVE'
        ORDER BY p.CREATED_AT DESC
    </select>

    <select id="selectTopSellingProducts" parameterType="Integer" resultMap="ProductResultMap">
        SELECT p.*, c.CATEGORY_NAME, b.BRAND_NAME, sales.TOTAL_SOLD
        FROM PRODUCTS p
        LEFT JOIN CATEGORIES c ON p.CATEGORY_ID = c.CATEGORY_ID
        LEFT JOIN BRANDS b ON p.BRAND_ID = b.BRAND_ID
        INNER JOIN (
            SELECT oi.PRODUCT_ID, SUM(oi.QUANTITY) as TOTAL_SOLD
            FROM ORDER_ITEMS oi
            INNER JOIN ORDERS o ON oi.ORDER_ID = o.ORDER_ID
            WHERE o.ORDER_STATUS = 'COMPLETED'
            AND o.ORDER_DATE >= SYSDATE - 90
            GROUP BY oi.PRODUCT_ID
            ORDER BY SUM(oi.QUANTITY) DESC
        ) sales ON p.PRODUCT_ID = sales.PRODUCT_ID
        WHERE p.STATUS = 'ACTIVE'
        AND ROWNUM &lt;= #{limit}
        ORDER BY sales.TOTAL_SOLD DESC
    </select>

    <select id="getProductSalesReport" resultType="Map">
        SELECT 
            p.PRODUCT_ID,
            p.PRODUCT_NAME,
            p.SKU,
            c.CATEGORY_NAME,
            b.BRAND_NAME,
            COUNT(oi.ORDER_ITEM_ID) as ORDER_COUNT,
            SUM(oi.QUANTITY) as TOTAL_QUANTITY_SOLD,
            SUM(oi.UNIT_PRICE * oi.QUANTITY) as TOTAL_REVENUE,
            AVG(oi.UNIT_PRICE) as AVG_SELLING_PRICE,
            p.COST_PRICE,
            SUM((oi.UNIT_PRICE - p.COST_PRICE) * oi.QUANTITY) as TOTAL_PROFIT
        FROM PRODUCTS p
        LEFT JOIN CATEGORIES c ON p.CATEGORY_ID = c.CATEGORY_ID
        LEFT JOIN BRANDS b ON p.BRAND_ID = b.BRAND_ID
        LEFT JOIN ORDER_ITEMS oi ON p.PRODUCT_ID = oi.PRODUCT_ID
        LEFT JOIN ORDERS o ON oi.ORDER_ID = o.ORDER_ID
        WHERE o.ORDER_DATE BETWEEN TO_DATE(#{startDate}, 'YYYY-MM-DD') 
        AND TO_DATE(#{endDate}, 'YYYY-MM-DD') + 1
        AND o.ORDER_STATUS = 'COMPLETED'
        GROUP BY p.PRODUCT_ID, p.PRODUCT_NAME, p.SKU, c.CATEGORY_NAME, b.BRAND_NAME, p.COST_PRICE
        ORDER BY TOTAL_REVENUE DESC
    </select>

    <select id="getInventoryReport" resultType="Map">
        SELECT 
            p.PRODUCT_ID,
            p.PRODUCT_NAME,
            p.SKU,
            c.CATEGORY_NAME,
            p.STOCK_QUANTITY,
            p.MIN_STOCK_LEVEL,
            p.MAX_STOCK_LEVEL,
            p.COST_PRICE * p.STOCK_QUANTITY as INVENTORY_VALUE,
            CASE 
                WHEN p.STOCK_QUANTITY = 0 THEN 'OUT_OF_STOCK'
                WHEN p.STOCK_QUANTITY &lt;= p.MIN_STOCK_LEVEL THEN 'LOW_STOCK'
                WHEN p.STOCK_QUANTITY >= p.MAX_STOCK_LEVEL THEN 'OVERSTOCK'
                ELSE 'NORMAL'
            END as STOCK_STATUS,
            NVL(recent_sales.AVG_DAILY_SALES, 0) as AVG_DAILY_SALES,
            CASE 
                WHEN NVL(recent_sales.AVG_DAILY_SALES, 0) > 0 
                THEN ROUND(p.STOCK_QUANTITY / recent_sales.AVG_DAILY_SALES, 1)
                ELSE NULL
            END as DAYS_OF_STOCK
        FROM PRODUCTS p
        LEFT JOIN CATEGORIES c ON p.CATEGORY_ID = c.CATEGORY_ID
        LEFT JOIN (
            SELECT 
                oi.PRODUCT_ID,
                AVG(daily_sales.DAILY_QUANTITY) as AVG_DAILY_SALES
            FROM (
                SELECT 
                    oi.PRODUCT_ID,
                    TRUNC(o.ORDER_DATE) as ORDER_DAY,
                    SUM(oi.QUANTITY) as DAILY_QUANTITY
                FROM ORDER_ITEMS oi
                INNER JOIN ORDERS o ON oi.ORDER_ID = o.ORDER_ID
                WHERE o.ORDER_DATE >= SYSDATE - 30
                AND o.ORDER_STATUS = 'COMPLETED'
                GROUP BY oi.PRODUCT_ID, TRUNC(o.ORDER_DATE)
            ) daily_sales
            RIGHT JOIN ORDER_ITEMS oi ON daily_sales.PRODUCT_ID = oi.PRODUCT_ID
            GROUP BY oi.PRODUCT_ID
        ) recent_sales ON p.PRODUCT_ID = recent_sales.PRODUCT_ID
        WHERE p.STATUS = 'ACTIVE'
        ORDER BY 
            CASE 
                WHEN p.STOCK_QUANTITY = 0 THEN 1
                WHEN p.STOCK_QUANTITY &lt;= p.MIN_STOCK_LEVEL THEN 2
                WHEN p.STOCK_QUANTITY >= p.MAX_STOCK_LEVEL THEN 3
                ELSE 4
            END,
            p.PRODUCT_NAME
    </select>

    <select id="getProductPerformanceReport" parameterType="Long" resultType="Map">
        SELECT 
            p.PRODUCT_ID,
            p.PRODUCT_NAME,
            p.SKU,
            p.PRICE,
            p.COST_PRICE,
            p.STOCK_QUANTITY,
            sales_30.SALES_30_DAYS,
            sales_90.SALES_90_DAYS,
            sales_365.SALES_365_DAYS,
            revenue_30.REVENUE_30_DAYS,
            revenue_90.REVENUE_90_DAYS,
            revenue_365.REVENUE_365_DAYS,
            NVL(avg_rating.AVG_RATING, 0) as AVG_RATING,
            NVL(review_count.REVIEW_COUNT, 0) as REVIEW_COUNT,
            view_count.VIEW_COUNT_30_DAYS
        FROM PRODUCTS p
        LEFT JOIN (
            SELECT oi.PRODUCT_ID, SUM(oi.QUANTITY) as SALES_30_DAYS
            FROM ORDER_ITEMS oi
            INNER JOIN ORDERS o ON oi.ORDER_ID = o.ORDER_ID
            WHERE o.ORDER_DATE >= SYSDATE - 30 AND o.ORDER_STATUS = 'COMPLETED'
            GROUP BY oi.PRODUCT_ID
        ) sales_30 ON p.PRODUCT_ID = sales_30.PRODUCT_ID
        LEFT JOIN (
            SELECT oi.PRODUCT_ID, SUM(oi.QUANTITY) as SALES_90_DAYS
            FROM ORDER_ITEMS oi
            INNER JOIN ORDERS o ON oi.ORDER_ID = o.ORDER_ID
            WHERE o.ORDER_DATE >= SYSDATE - 90 AND o.ORDER_STATUS = 'COMPLETED'
            GROUP BY oi.PRODUCT_ID
        ) sales_90 ON p.PRODUCT_ID = sales_90.PRODUCT_ID
        LEFT JOIN (
            SELECT oi.PRODUCT_ID, SUM(oi.QUANTITY) as SALES_365_DAYS
            FROM ORDER_ITEMS oi
            INNER JOIN ORDERS o ON oi.ORDER_ID = o.ORDER_ID
            WHERE o.ORDER_DATE >= SYSDATE - 365 AND o.ORDER_STATUS = 'COMPLETED'
            GROUP BY oi.PRODUCT_ID
        ) sales_365 ON p.PRODUCT_ID = sales_365.PRODUCT_ID
        LEFT JOIN (
            SELECT oi.PRODUCT_ID, SUM(oi.UNIT_PRICE * oi.QUANTITY) as REVENUE_30_DAYS
            FROM ORDER_ITEMS oi
            INNER JOIN ORDERS o ON oi.ORDER_ID = o.ORDER_ID
            WHERE o.ORDER_DATE >= SYSDATE - 30 AND o.ORDER_STATUS = 'COMPLETED'
            GROUP BY oi.PRODUCT_ID
        ) revenue_30 ON p.PRODUCT_ID = revenue_30.PRODUCT_ID
        LEFT JOIN (
            SELECT oi.PRODUCT_ID, SUM(oi.UNIT_PRICE * oi.QUANTITY) as REVENUE_90_DAYS
            FROM ORDER_ITEMS oi
            INNER JOIN ORDERS o ON oi.ORDER_ID = o.ORDER_ID
            WHERE o.ORDER_DATE >= SYSDATE - 90 AND o.ORDER_STATUS = 'COMPLETED'
            GROUP BY oi.PRODUCT_ID
        ) revenue_90 ON p.PRODUCT_ID = revenue_90.PRODUCT_ID
        LEFT JOIN (
            SELECT oi.PRODUCT_ID, SUM(oi.UNIT_PRICE * oi.QUANTITY) as REVENUE_365_DAYS
            FROM ORDER_ITEMS oi
            INNER JOIN ORDERS o ON oi.ORDER_ID = o.ORDER_ID
            WHERE o.ORDER_DATE >= SYSDATE - 365 AND o.ORDER_STATUS = 'COMPLETED'
            GROUP BY oi.PRODUCT_ID
        ) revenue_365 ON p.PRODUCT_ID = revenue_365.PRODUCT_ID
        LEFT JOIN (
            SELECT PRODUCT_ID, AVG(RATING) as AVG_RATING
            FROM REVIEWS
            WHERE STATUS = 'APPROVED'
            GROUP BY PRODUCT_ID
        ) avg_rating ON p.PRODUCT_ID = avg_rating.PRODUCT_ID
        LEFT JOIN (
            SELECT PRODUCT_ID, COUNT(*) as REVIEW_COUNT
            FROM REVIEWS
            WHERE STATUS = 'APPROVED'
            GROUP BY PRODUCT_ID
        ) review_count ON p.PRODUCT_ID = review_count.PRODUCT_ID
        LEFT JOIN (
            SELECT PRODUCT_ID, COUNT(*) as VIEW_COUNT_30_DAYS
            FROM PRODUCT_VIEWS
            WHERE VIEW_DATE >= SYSDATE - 30
            GROUP BY PRODUCT_ID
        ) view_count ON p.PRODUCT_ID = view_count.PRODUCT_ID
        WHERE p.PRODUCT_ID = #{productId}
    </select>

    <insert id="insert" parameterType="Product">
        <selectKey keyProperty="productId" resultType="Long" order="BEFORE">
            SELECT PRODUCT_SEQ.NEXTVAL FROM DUAL
        </selectKey>
        INSERT INTO PRODUCTS (
            PRODUCT_ID, PRODUCT_NAME, DESCRIPTION, SKU, CATEGORY_ID, BRAND_ID,
            PRICE, COST_PRICE, STATUS, STOCK_QUANTITY, MIN_STOCK_LEVEL, MAX_STOCK_LEVEL,
            WEIGHT, DIMENSIONS, IMAGE_URL, CREATED_AT, CREATED_BY
        ) VALUES (
            #{productId}, #{productName}, #{description,jdbcType=CLOB}, #{sku}, 
            #{categoryId,jdbcType=NUMERIC}, #{brandId,jdbcType=NUMERIC},
            #{price}, #{costPrice,jdbcType=DECIMAL}, 'ACTIVE', #{stockQuantity}, 
            #{minStockLevel}, #{maxStockLevel}, #{weight,jdbcType=DECIMAL}, 
            #{dimensions,jdbcType=VARCHAR}, #{imageUrl,jdbcType=VARCHAR}, SYSDATE, #{createdBy,jdbcType=NUMERIC}
        )
    </insert>

    <update id="update" parameterType="Product">
        UPDATE PRODUCTS 
        <set>
            <if test="productName != null">PRODUCT_NAME = #{productName,jdbcType=VARCHAR},</if>
            <if test="description != null">DESCRIPTION = #{description,jdbcType=CLOB},</if>
            <if test="sku != null">SKU = #{sku,jdbcType=VARCHAR},</if>
            <if test="categoryId != null">CATEGORY_ID = #{categoryId,jdbcType=NUMERIC},</if>
            <if test="brandId != null">BRAND_ID = #{brandId,jdbcType=NUMERIC},</if>
            <if test="price != null">PRICE = #{price,jdbcType=DECIMAL},</if>
            <if test="costPrice != null">COST_PRICE = #{costPrice,jdbcType=DECIMAL},</if>
            <if test="stockQuantity != null">STOCK_QUANTITY = #{stockQuantity,jdbcType=NUMERIC},</if>
            <if test="minStockLevel != null">MIN_STOCK_LEVEL = #{minStockLevel,jdbcType=NUMERIC},</if>
            <if test="maxStockLevel != null">MAX_STOCK_LEVEL = #{maxStockLevel,jdbcType=NUMERIC},</if>
            <if test="weight != null">WEIGHT = #{weight,jdbcType=DECIMAL},</if>
            <if test="dimensions != null">DIMENSIONS = #{dimensions,jdbcType=VARCHAR},</if>
            <if test="imageUrl != null">IMAGE_URL = #{imageUrl,jdbcType=VARCHAR},</if>
            UPDATED_AT = SYSDATE,
            <if test="updatedBy != null">UPDATED_BY = #{updatedBy,jdbcType=NUMERIC}</if>
        </set>
        WHERE PRODUCT_ID = #{productId}
    </update>

    <update id="updateStock">
        UPDATE PRODUCTS SET 
            STOCK_QUANTITY = STOCK_QUANTITY + #{quantity},
            UPDATED_AT = SYSDATE
        WHERE PRODUCT_ID = #{productId}
    </update>

    <update id="updatePrice">
        UPDATE PRODUCTS SET 
            PRICE = #{price},
            UPDATED_AT = SYSDATE
        WHERE PRODUCT_ID = #{productId}
    </update>

    <update id="updateStatus">
        UPDATE PRODUCTS SET 
            STATUS = #{status},
            UPDATED_AT = SYSDATE
        WHERE PRODUCT_ID = #{productId}
    </update>

    <delete id="delete" parameterType="Long">
        UPDATE PRODUCTS SET 
            STATUS = 'DELETED',
            UPDATED_AT = SYSDATE
        WHERE PRODUCT_ID = #{productId}
    </delete>

    <insert id="batchInsert" parameterType="List">
        INSERT INTO PRODUCTS (
            PRODUCT_ID, PRODUCT_NAME, DESCRIPTION, SKU, CATEGORY_ID, BRAND_ID,
            PRICE, COST_PRICE, STATUS, STOCK_QUANTITY, MIN_STOCK_LEVEL, MAX_STOCK_LEVEL,
            WEIGHT, DIMENSIONS, IMAGE_URL, CREATED_AT
        )
        <foreach collection="products" item="product" separator="UNION ALL">
            SELECT 
                PRODUCT_SEQ.NEXTVAL, #{product.productName}, #{product.description}, #{product.sku},
                #{product.categoryId}, #{product.brandId}, #{product.price}, #{product.costPrice},
                'ACTIVE', #{product.stockQuantity}, #{product.minStockLevel}, #{product.maxStockLevel},
                #{product.weight}, #{product.dimensions}, #{product.imageUrl}, SYSDATE
            FROM DUAL
        </foreach>
    </insert>

    <update id="batchUpdateStatus">
        UPDATE PRODUCTS SET 
            STATUS = #{status},
            UPDATED_AT = SYSDATE
        WHERE PRODUCT_ID IN
        <foreach collection="productIds" item="productId" open="(" separator="," close=")">
            #{productId}
        </foreach>
    </update>

    <select id="countByCategory" parameterType="Long" resultType="int">
        SELECT COUNT(*) FROM PRODUCTS WHERE CATEGORY_ID = #{categoryId} AND STATUS != 'DELETED'
    </select>

    <select id="countByStatus" parameterType="String" resultType="int">
        SELECT COUNT(*) FROM PRODUCTS WHERE STATUS = #{status}
    </select>

    <select id="countLowStockProducts" resultType="int">
        SELECT COUNT(*) FROM PRODUCTS 
        WHERE STOCK_QUANTITY &lt;= MIN_STOCK_LEVEL AND STATUS = 'ACTIVE'
    </select>

    <select id="callInventoryUpdateProcedure" statementType="CALLABLE">
        {CALL INVENTORY_UPDATE_PROC(#{productId, mode=IN, jdbcType=NUMERIC}, #{quantity, mode=IN, jdbcType=NUMERIC})}
    </select>

    <select id="callPriceUpdateProcedure" statementType="CALLABLE">
        {CALL PRICE_UPDATE_PROC(#{categoryId, mode=IN, jdbcType=NUMERIC}, #{percentage, mode=IN, jdbcType=DECIMAL})}
    </select>

</mapper>