<?xml version="1.0" encoding="UTF-8"?>
<!DOCTYPE mapper PUBLIC "-//mybatis.org//DTD Mapper 3.0//EN" "http://mybatis.org/dtd/mybatis-3-mapper.dtd">
<mapper namespace="com.oracle.ecommerce.mapper.OrderMapper">

    <resultMap id="OrderResultMap" type="Order">
        <id property="orderId" column="ORDER_ID"/>
        <result property="orderNumber" column="ORDER_NUMBER"/>
        <result property="userId" column="USER_ID"/>
        <result property="orderStatus" column="ORDER_STATUS"/>
        <result property="totalAmount" column="TOTAL_AMOUNT"/>
        <result property="discountAmount" column="DISCOUNT_AMOUNT"/>
        <result property="taxAmount" column="TAX_AMOUNT"/>
        <result property="shippingAmount" column="SHIPPING_AMOUNT"/>
        <result property="finalAmount" column="FINAL_AMOUNT"/>
        <result property="paymentStatus" column="PAYMENT_STATUS"/>
        <result property="shippingStatus" column="SHIPPING_STATUS"/>
        <result property="orderDate" column="ORDER_DATE"/>
        <result property="shippedDate" column="SHIPPED_DATE"/>
        <result property="deliveredDate" column="DELIVERED_DATE"/>
        <result property="notes" column="NOTES"/>
        <result property="createdAt" column="CREATED_AT"/>
        <result property="updatedAt" column="UPDATED_AT"/>
    </resultMap>

    <select id="selectById" parameterType="Long" resultMap="OrderResultMap">
        SELECT o.*, u.USERNAME, u.EMAIL
        FROM ORDERS o
        LEFT JOIN USERS u ON o.USER_ID = u.USER_ID
        WHERE o.ORDER_ID = #{orderId}
    </select>

    <select id="selectByOrderNumber" parameterType="String" resultMap="OrderResultMap">
        SELECT o.*, u.USERNAME, u.EMAIL
        FROM ORDERS o
        LEFT JOIN USERS u ON o.USER_ID = u.USER_ID
        WHERE o.ORDER_NUMBER = #{orderNumber}
    </select>

    <select id="selectAll" resultMap="OrderResultMap">
        SELECT o.*, u.USERNAME, u.EMAIL
        FROM ORDERS o
        LEFT JOIN USERS u ON o.USER_ID = u.USER_ID
        ORDER BY o.ORDER_DATE DESC
    </select>

    <select id="selectByUserId" parameterType="Long" resultMap="OrderResultMap">
        SELECT * FROM ORDERS 
        WHERE USER_ID = #{userId}
        ORDER BY ORDER_DATE DESC
    </select>

    <select id="selectByStatus" parameterType="String" resultMap="OrderResultMap">
        SELECT o.*, u.USERNAME, u.EMAIL
        FROM ORDERS o
        LEFT JOIN USERS u ON o.USER_ID = u.USER_ID
        WHERE o.ORDER_STATUS = #{orderStatus}
        ORDER BY o.ORDER_DATE DESC
    </select>

    <select id="selectByDateRange" resultMap="OrderResultMap">
        SELECT o.*, u.USERNAME, u.EMAIL
        FROM ORDERS o
        LEFT JOIN USERS u ON o.USER_ID = u.USER_ID
        WHERE o.ORDER_DATE BETWEEN TO_DATE(#{startDate}, 'YYYY-MM-DD') 
        AND TO_DATE(#{endDate}, 'YYYY-MM-DD') + 1
        ORDER BY o.ORDER_DATE DESC
    </select>

    <select id="selectPendingOrders" resultMap="OrderResultMap">
        SELECT o.*, u.USERNAME, u.EMAIL
        FROM ORDERS o
        LEFT JOIN USERS u ON o.USER_ID = u.USER_ID
        WHERE o.ORDER_STATUS IN ('PENDING', 'PROCESSING', 'CONFIRMED')
        AND o.PAYMENT_STATUS = 'PAID'
        ORDER BY o.ORDER_DATE ASC
    </select>

    <select id="selectRecentOrders" parameterType="Integer" resultMap="OrderResultMap">
        SELECT o.*, u.USERNAME, u.EMAIL
        FROM ORDERS o
        LEFT JOIN USERS u ON o.USER_ID = u.USER_ID
        WHERE o.ORDER_DATE >= SYSDATE - #{days}
        ORDER BY o.ORDER_DATE DESC
    </select>

    <select id="selectOrdersByAmountRange" resultMap="OrderResultMap">
        SELECT o.*, u.USERNAME, u.EMAIL
        FROM ORDERS o
        LEFT JOIN USERS u ON o.USER_ID = u.USER_ID
        WHERE o.FINAL_AMOUNT BETWEEN #{minAmount} AND #{maxAmount}
        ORDER BY o.FINAL_AMOUNT DESC
    </select>

    <select id="getOrderSummaryReport" resultType="Map">
        SELECT 
            COUNT(*) as TOTAL_ORDERS,
            COUNT(CASE WHEN ORDER_STATUS = 'COMPLETED' THEN 1 END) as COMPLETED_ORDERS,
            COUNT(CASE WHEN ORDER_STATUS = 'PENDING' THEN 1 END) as PENDING_ORDERS,
            COUNT(CASE WHEN ORDER_STATUS = 'CANCELLED' THEN 1 END) as CANCELLED_ORDERS,
            COUNT(CASE WHEN ORDER_STATUS = 'PROCESSING' THEN 1 END) as PROCESSING_ORDERS,
            NVL(SUM(CASE WHEN ORDER_STATUS = 'COMPLETED' THEN FINAL_AMOUNT END), 0) as TOTAL_REVENUE,
            NVL(AVG(CASE WHEN ORDER_STATUS = 'COMPLETED' THEN FINAL_AMOUNT END), 0) as AVG_ORDER_VALUE,
            NVL(MAX(CASE WHEN ORDER_STATUS = 'COMPLETED' THEN FINAL_AMOUNT END), 0) as MAX_ORDER_VALUE,
            NVL(MIN(CASE WHEN ORDER_STATUS = 'COMPLETED' THEN FINAL_AMOUNT END), 0) as MIN_ORDER_VALUE,
            COUNT(DISTINCT USER_ID) as UNIQUE_CUSTOMERS
        FROM ORDERS 
        WHERE ORDER_DATE BETWEEN TO_DATE(#{startDate}, 'YYYY-MM-DD') 
        AND TO_DATE(#{endDate}, 'YYYY-MM-DD') + 1
    </select>

    <select id="getDailySalesReport" resultType="Map">
        SELECT 
            TRUNC(ORDER_DATE) as ORDER_DAY,
            COUNT(*) as DAILY_ORDERS,
            COUNT(CASE WHEN ORDER_STATUS = 'COMPLETED' THEN 1 END) as COMPLETED_ORDERS,
            NVL(SUM(CASE WHEN ORDER_STATUS = 'COMPLETED' THEN FINAL_AMOUNT END), 0) as DAILY_REVENUE,
            NVL(AVG(CASE WHEN ORDER_STATUS = 'COMPLETED' THEN FINAL_AMOUNT END), 0) as AVG_ORDER_VALUE,
            COUNT(DISTINCT USER_ID) as UNIQUE_CUSTOMERS
        FROM ORDERS 
        WHERE ORDER_DATE BETWEEN TO_DATE(#{startDate}, 'YYYY-MM-DD') 
        AND TO_DATE(#{endDate}, 'YYYY-MM-DD') + 1
        GROUP BY TRUNC(ORDER_DATE)
        ORDER BY TRUNC(ORDER_DATE) DESC
    </select>

    <select id="getCustomerOrderHistory" parameterType="Long" resultType="Map">
        SELECT 
            o.ORDER_ID,
            o.ORDER_NUMBER,
            o.ORDER_DATE,
            o.ORDER_STATUS,
            o.PAYMENT_STATUS,
            o.SHIPPING_STATUS,
            o.FINAL_AMOUNT,
            COUNT(oi.ORDER_ITEM_ID) as ITEM_COUNT,
            SUM(oi.QUANTITY) as TOTAL_QUANTITY,
            o.SHIPPED_DATE,
            o.DELIVERED_DATE,
            CASE 
                WHEN o.DELIVERED_DATE IS NOT NULL THEN 
                    ROUND(o.DELIVERED_DATE - o.ORDER_DATE, 1)
                WHEN o.SHIPPED_DATE IS NOT NULL THEN 
                    ROUND(SYSDATE - o.ORDER_DATE, 1)
                ELSE 
                    ROUND(SYSDATE - o.ORDER_DATE, 1)
            END as DAYS_SINCE_ORDER
        FROM ORDERS o
        LEFT JOIN ORDER_ITEMS oi ON o.ORDER_ID = oi.ORDER_ID
        WHERE o.USER_ID = #{userId}
        GROUP BY o.ORDER_ID, o.ORDER_NUMBER, o.ORDER_DATE, o.ORDER_STATUS, 
                 o.PAYMENT_STATUS, o.SHIPPING_STATUS, o.FINAL_AMOUNT, 
                 o.SHIPPED_DATE, o.DELIVERED_DATE
        ORDER BY o.ORDER_DATE DESC
    </select>

    <select id="getTopCustomersByOrders" parameterType="Integer" resultType="Map">
        SELECT 
            u.USER_ID,
            u.USERNAME,
            u.EMAIL,
            u.FIRST_NAME,
            u.LAST_NAME,
            COUNT(o.ORDER_ID) as TOTAL_ORDERS,
            COUNT(CASE WHEN o.ORDER_STATUS = 'COMPLETED' THEN 1 END) as COMPLETED_ORDERS,
            NVL(SUM(CASE WHEN o.ORDER_STATUS = 'COMPLETED' THEN o.FINAL_AMOUNT END), 0) as TOTAL_SPENT,
            NVL(AVG(CASE WHEN o.ORDER_STATUS = 'COMPLETED' THEN o.FINAL_AMOUNT END), 0) as AVG_ORDER_VALUE,
            MAX(o.ORDER_DATE) as LAST_ORDER_DATE,
            MIN(o.ORDER_DATE) as FIRST_ORDER_DATE,
            ROUND(MONTHS_BETWEEN(SYSDATE, MIN(o.ORDER_DATE)), 1) as CUSTOMER_LIFETIME_MONTHS
        FROM USERS u
        INNER JOIN ORDERS o ON u.USER_ID = o.USER_ID
        WHERE u.STATUS = 'ACTIVE'
        AND o.ORDER_DATE >= SYSDATE - 365
        GROUP BY u.USER_ID, u.USERNAME, u.EMAIL, u.FIRST_NAME, u.LAST_NAME
        HAVING COUNT(o.ORDER_ID) > 0
        ORDER BY COUNT(o.ORDER_ID) DESC, TOTAL_SPENT DESC
        FETCH FIRST #{limit} ROWS ONLY
    </select>

    <insert id="insert" parameterType="Order">
        <selectKey keyProperty="orderId" resultType="Long" order="BEFORE">
            SELECT ORDER_SEQ.NEXTVAL FROM DUAL
        </selectKey>
        INSERT INTO ORDERS (
            ORDER_ID, ORDER_NUMBER, USER_ID, ORDER_STATUS, TOTAL_AMOUNT, DISCOUNT_AMOUNT,
            TAX_AMOUNT, SHIPPING_AMOUNT, FINAL_AMOUNT, PAYMENT_STATUS, SHIPPING_STATUS,
            ORDER_DATE, NOTES, CREATED_AT, CREATED_BY
        ) VALUES (
            ORDER_SEQ.CURRVAL, 
            'ORD' || TO_CHAR(SYSDATE, 'YYYYMMDD') || LPAD(ORDER_SEQ.CURRVAL, 6, '0'), 
            #{userId}, 'PENDING', #{totalAmount}, #{discountAmount,jdbcType=DECIMAL},
            #{taxAmount,jdbcType=DECIMAL}, #{shippingAmount,jdbcType=DECIMAL}, #{finalAmount}, 'PENDING', 'NOT_SHIPPED',
            SYSDATE, #{notes,jdbcType=CLOB}, SYSDATE, #{createdBy,jdbcType=NUMERIC}
        )
    </insert>

    <update id="update" parameterType="Order">
        UPDATE ORDERS SET
            ORDER_STATUS = #{orderStatus},
            TOTAL_AMOUNT = #{totalAmount},
            DISCOUNT_AMOUNT = #{discountAmount},
            TAX_AMOUNT = #{taxAmount},
            SHIPPING_AMOUNT = #{shippingAmount},
            FINAL_AMOUNT = #{finalAmount},
            PAYMENT_STATUS = #{paymentStatus},
            SHIPPING_STATUS = #{shippingStatus},
            SHIPPED_DATE = #{shippedDate},
            DELIVERED_DATE = #{deliveredDate},
            NOTES = #{notes},
            UPDATED_AT = SYSDATE
        WHERE ORDER_ID = #{orderId}
    </update>

    <update id="updateStatus">
        UPDATE ORDERS SET 
            ORDER_STATUS = #{status},
            UPDATED_AT = SYSDATE,
            SHIPPED_DATE = CASE 
                WHEN #{status} = 'SHIPPED' AND SHIPPED_DATE IS NULL THEN SYSDATE 
                ELSE SHIPPED_DATE 
            END,
            DELIVERED_DATE = CASE 
                WHEN #{status} = 'DELIVERED' AND DELIVERED_DATE IS NULL THEN SYSDATE 
                ELSE DELIVERED_DATE 
            END
        WHERE ORDER_ID = #{orderId}
    </update>

    <update id="updatePaymentStatus">
        UPDATE ORDERS SET 
            PAYMENT_STATUS = #{paymentStatus},
            UPDATED_AT = SYSDATE
        WHERE ORDER_ID = #{orderId}
    </update>

    <update id="updateShippingStatus">
        UPDATE ORDERS SET 
            SHIPPING_STATUS = #{shippingStatus},
            UPDATED_AT = SYSDATE,
            SHIPPED_DATE = CASE 
                WHEN #{shippingStatus} = 'SHIPPED' AND SHIPPED_DATE IS NULL THEN SYSDATE 
                ELSE SHIPPED_DATE 
            END,
            DELIVERED_DATE = CASE 
                WHEN #{shippingStatus} = 'DELIVERED' AND DELIVERED_DATE IS NULL THEN SYSDATE 
                ELSE DELIVERED_DATE 
            END
        WHERE ORDER_ID = #{orderId}
    </update>

    <delete id="delete" parameterType="Long">
        UPDATE ORDERS SET 
            ORDER_STATUS = 'CANCELLED',
            UPDATED_AT = SYSDATE
        WHERE ORDER_ID = #{orderId}
        AND ORDER_STATUS IN ('PENDING', 'PROCESSING')
    </delete>

    <select id="countByStatus" parameterType="String" resultType="int">
        SELECT COUNT(*) FROM ORDERS WHERE ORDER_STATUS = #{status}
    </select>

    <select id="countByUserId" parameterType="Long" resultType="int">
        SELECT COUNT(*) FROM ORDERS WHERE USER_ID = #{userId}
    </select>

    <select id="getTotalSalesByDateRange" resultType="BigDecimal">
        SELECT NVL(SUM(FINAL_AMOUNT), 0) 
        FROM ORDERS 
        WHERE ORDER_STATUS = 'COMPLETED'
        AND ORDER_DATE BETWEEN TO_DATE(#{startDate}, 'YYYY-MM-DD') 
        AND TO_DATE(#{endDate}, 'YYYY-MM-DD') + 1
    </select>

    <select id="callOrderProcessingProcedure" statementType="CALLABLE">
        {CALL ORDER_PROCESSING_PROC(#{orderId, mode=IN, jdbcType=NUMERIC})}
    </select>

    <select id="callOrderReportProcedure" statementType="CALLABLE">
        {CALL ORDER_REPORT_PROC(#{reportType, mode=IN, jdbcType=VARCHAR}, #{startDate, mode=IN, jdbcType=VARCHAR}, #{endDate, mode=IN, jdbcType=VARCHAR})}
    </select>

</mapper>